{
  "eye": {
    "orientation": [
      0,
      0,
      -0.3102278411388397,
      -0.9506622552871704
    ],
    "magnitude": 1,
    "position": [
      0,
      0,
      0
    ]
  },
  "radius": 256,
  "type": "TWO_D"
}