{
  "eye": {
    "orientation": [
      0,
      0,
      0.9877569675445557,
      0.15600061416625977
    ],
    "magnitude": 1,
    "position": [
      0,
      0,
      0
    ]
  },
  "radius": 256,
  "type": "TWO_D"
}